{"cameraMode":{"drawMode":0,"name":"Shaded","section":"Shading Mode"},"sceneLighting":true,"audioPlay":false,"sceneViewState":{"m_AlwaysRefresh":false,"showFog":true,"showSkybox":true,"showFlares":true,"showImageEffects":true,"showParticleSystems":true,"showVisualEffectGraphs":true,"m_FxEnabled":true},"in2DMode":false,"pivot":{"x":28.643386840820314,"y":9.374628067016602,"z":7.025222301483154},"rotation":{"x":0.00036245660157874227,"y":0.9996371269226074,"z":-0.019804982468485833,"w":0.01829666644334793},"size":10.120672225952149,"orthographic":false}