{"cameraMode":{"drawMode":0,"name":"Shaded","section":"Shading Mode"},"sceneLighting":true,"audioPlay":false,"sceneViewState":{"m_AlwaysRefresh":false,"showFog":true,"showSkybox":true,"showFlares":true,"showImageEffects":true,"showParticleSystems":true,"showVisualEffectGraphs":true,"m_FxEnabled":true},"in2DMode":false,"pivot":{"x":725.8321533203125,"y":364.0714416503906,"z":-571.5121459960938},"rotation":{"x":0.031185012310743333,"y":0.0020958799868822099,"z":0.00006529237725771964,"w":-0.9995115995407105},"size":185.12069702148438,"orthographic":false}